asd,asd,asd,asd,asd,asd
asd1,asd,asd2,asd,asd1,asd
4,asd,asd,asd,asdasda,asdasd
asd,asd,asd,asd,asd,asd
asd,asd,asd,asd,asd,asd
asd,asd,asd,asdasda,asdasd,asd
matrix,matrix,matrix,marrix,maasd,asdasd
asd,asd,asd,asd,asd,asd
matrix,matrix,matrix,marrix,maasd,asdasd
a,s,d,a,s,d
"['asdasd', 'asdasd', 'asdasd', 'asdasd', 'dasdasd', 'asdasd']"
"['asdasd', 'asdasd', 'asdasd', 'asdasd', 'dasdasd', 'asdasd']"
"['asdasd', 'asdasd', 'asdasd', 'asdasd', 'dasdasd', 'asdasd']"
"['asdasd', 'asdasd', 'asdasd', 'asdasd', 'dasdasd', 'asdasd']"
"['asdasd', 'asdasd', 'asdasd', 'asdasd', 'dasdasd', 'asdasd']"
